["tes",{"groupId":"628983583288-1620319322@g.us","creator":"628983583288@s.whatsapp.net","namanote":"antispam","date":"7/24/2021","type":"teks","media":"","caption":"const { msgFilter } = require('./lib/antispam.js')\nif (!itsMe && !tod.key.fromMe && isCmd && msgFilter.isFiltered(from) && !isGroup) {\n return console.log('[', color('SPAM', 'red'), ']', time, color(`${command}`), 'from', color(sender.split('@')[0]), 'args :', color(args.length)),\n reply('[ SPAM ] Tunggu 3 detik!')}\n if (!itsMe && !tod.key.fromMe && isCmd && msgFilter.isFiltered(from) && isGroup) {\n return console.log('[', color('SPAM', 'red'), ']', time, color(`${command}`), 'from', color(sender.split('@')[0]), 'in', color(groupName), 'args :', color(args.length)),\n reply('[ SPAM ] Tunggu 3 detik!')}\n // [BETA] Avoid Spam Message\n msgFilter.addFilter(from)"},{"groupId":"628983583288-1620319322@g.us","creator":"628983583288@s.whatsapp.net","namanote":"antispjs","date":"7/24/2021","type":"teks","media":"","caption":"// Message Filter / Message Cooldowns\nconst usedCommandRecently = new Set()\n\nconst isFiltered = (from) => {\n return !!usedCommandRecently.has(from)\n}\n\nconst addFilter = (from) => {\n usedCommandRecently.add(from)\n setTimeout(() => {\n return usedCommandRecently.delete(from)\n }, 5000) // 5sec is delay before processing next command\n}\nmodule.exports = {\n msgFilter: {\n isFiltered,\n addFilter\n }}"},{"groupId":"628983583288-1620319322@g.us","creator":"628983583288@s.whatsapp.net","namanote":"baileys fix error","date":"7/25/2021","type":"teks","media":"","caption":"di package.json\n\"dependencies\":{\n \"@adiwajshing/baileys\":\"git+https://github.com/adiwajshing/Baileys.git\"\n\n}\n\n\ntrus ketik di terminal\n\nyarn install --network-concurrency 1"},{"groupId":"628983583288-1620319322@g.us","creator":"628983583288@s.whatsapp.net","namanote":"ffmpeg","date":"7/31/2021","type":"teks","media":"","caption":"sudo add-apt-repository ppa:jonathonf/ffmpeg-4\n\nsudo apt install ffmpeg"},{"groupId":"6282140744548-1621430788@g.us","creator":"628983583288@s.whatsapp.net","namanote":"minkrep","date":"7/31/2021","type":"teks","media":"","caption":"🏿🏿🏿🏿🏿🏿🏿🏿\n🏿🏿🏽🏽🏽🏽🏿🏿\n🏽🏽🏽🏽🏽🏽🏽🏽\n🏽⬜⬛🏽🏽⬛⬜🏽\n🏽🏽🏽🏿🏿🏽🏽🏽\n🏽🏽🏿🏽🏽🏿🏽🏽\n🏽🏽🏿🏿🏿🏿🏽🏽‍‍"},"antispam","antispjs","baileys fix error","wa beta",{"groupId":"628983583288-1620319322@g.us","creator":"628983583288@s.whatsapp.net","namanote":"wa beta","date":"8/1/2021","type":"teks","media":"","caption":"https://www.apkmirror.com/apk/whatsapp-inc/whatsapp/whatsapp-2-21-12-22-release/whatsapp-messenger-2-21-12-22-android-apk-download/download/"},{"groupId":"6285283427860-1627989248@g.us","creator":"628983583288@s.whatsapp.net","namanote":"xdev","date":"8/3/2021","type":"teks","media":"","caption":"https://youtu.be/IwmbkVQpb3Q\n\n_New Upload Script Bot Nya X Dev Team_\n\n*_Free Script Bot Whatsapp_*\n\nJoin Gc:\nhttps://chat.whatsapp.com/KcvydQGNLXR1LFwCFw0gMk"},{"groupId":"6285215319934-1626094815@g.us","creator":"628983583288@s.whatsapp.net","namanote":"sendfile iky","date":"8/3/2021","type":"teks","media":"","caption":"const sendFileFromUrl = async(link, type, options) => {\n hasil = await getBuffer(link)\n\t ikyy.sendMessage(from, hasil, type, options).catch(e => {\n\t fetch(link).then((hasil) => {\n\t ikyy.sendMessage(from, hasil, type, options).catch(e => {\n\t ikyy.sendMessage(from, { url : link }, type, options).catch(e => {\n\t reply('_[ ! ] Error Gagal Dalam Mendownload Dan Mengirim Media_')\n\t console.log(e)\n})\n})\n})\n})\n}"},{"groupId":"6285215319934-1626094815@g.us","creator":"628983583288@s.whatsapp.net","namanote":"play iky","date":"8/3/2021","type":"teks","media":"","caption":"case 'playy':\ncase 'lagu':\nif (args.length < 1) return reply('Apa Yang Mau Dicari?')\nteks = args.join(' ')\nreply(mess.wait)\nif (!teks.endsWith(\"-doc\")){\nres = await yts(`${teks}`).catch(e => {\nreply('_[ ! ] Error Query Yang Anda Masukan Tidak Ada_')\n})\nreply(` Playing ${res.all[0].title}`)\nlet thumbInfo = ` *Youtube Search*\n *Judul :* ${res.all[0].title}\n *ID Video :* ${res.all[0].videoId}\n *Diupload Pada :* ${res.all[0].ago}\n *Views :* ${res.all[0].views}\n *Durasi :* ${res.all[0].timestamp}\n *Channel :* ${res.all[0].author.name}\n*Link Channel :* ${res.all[0].author.url}\n\n*_Tunggu Proses Upload....._*\n`\n/////////////sendFileFromUrl(res.all[0].image, image, {quoted: mek, caption: thumbInfo})\nres = await y2mateA(res.all[0].url).catch(e => {\nreply('_[ ! ] Error Saat Memasuki Web Y2mate_')\n})\nsendFileFromUrl(res[0].link, audio, {quoted: mek, mimetype: 'audio/mp4', filename: res[0].output})\n}\nif (teks.endsWith(\"-doc\")){\nconst tec = teks.split(\"-doc\")\nres = await yts(`${tec}`).catch(e => {\nreply('_[ ! ] Error Query Yang Anda Masukan Tidak Ada_')\n})\nreply(`.Playing ${res.all[0].title}`)\nlet thumbInfo = `*${botname}* \n *Judul :* ${res.all[0].title}\n *ID Video :* ${res.all[0].videoId}\n *Diupload Pada :* ${res.all[0].ago}\n *Views :* ${res.all[0].views}\n *Durasi :* ${res.all[0].timestamp}\n *Channel :* ${res.all[0].author.name}\n*Link Channel :* ${res.all[0].author.url}\n\n*_Tunggu Proses Upload....._*\n`\nsendFileFromUrl(res.all[0].image, image, {quoted: mek, caption: thumbInfo})\nres = await y2mateA(res.all[0].url).catch(e => {\nreply('_[ ! ] Error Saat Memasuki Web Y2mate_')\n})\nsendFileFromUrl(res[0].link, document, {quoted: mek, mimetype: 'audio/mp3', filename: res[0].output})\n}\nbreak"},{"groupId":"6285215319934-1626094815@g.us","creator":"628983583288@s.whatsapp.net","namanote":"y2mate.js iky","date":"8/3/2021","type":"teks","media":"","caption":"const { y2mateA, y2mateV } = require('./lib/y2mate')"},"antispam","antispjs","baileys fix error","ffmpeg","wa beta","getmusic",{"groupId":"628983583288-1620319322@g.us","creator":"628983583288@s.whatsapp.net","namanote":"getmusic","date":"8/5/2021","type":"teks","media":"","caption":"case 'ytsearch':\nif(!q) return reply('Mau cari apa diyoutube?')\ntry{\n\tysearch = await yts(q)\n}catch(e){\n\treturn reply(mess.error.api)\n}\nteks = `*Y O U T U B E S E A R C H*\\nTotal : ${ysearch.all.length}\\n\\n`\nfor(let i of ysearch.all){\n\tteks += shp +` Title :` + i.title + '\\n'\n\tteks += shp +` Url :` + i.url + '\\n'\n\tteks += shp +` Durasi :` + i.timestamp + '\\n'\n\tteks += shp +` Upload :` + i.ago + '\\n\\n-----------------------------\\n\\n'\n}\nsendMediaURL(from, ysearch.all[0].thumbnail, teks)\nbreak\ncase 'getmusic':\nif(!q) return reply('Masukkan nomo urutnya!')\nif(!m.quoted) return reply('Reply pesan hasil pencarian youtube!')\nquee = '*Y O U T U B E S E A R C H*'\nqteks = m.quoted.text\nif(qteks.includes(quee)){\njmlh = m.quoted.text.split('Total : ')[1].split('\\n')[0]\nif(isNaN(args[0])) return reply('Input harus berupa nomor!')\nif(args[0].text > jmlh) return reply(`Hanya Tersedia ${jmlh} Pilihan\\nSilahkan coba pilih lagi dibawah angka ${jmlh}`)\n try{\n pilih = JSON.stringify(await eval(`${args[0]}-1`), null, 2) \n downm = await yta(m.quoted.text.split('-----------------------------')[pilih].split('Url :')[1].split('\\n')[0])\n const { dl_link, thumb, title, filesizeF, filesize } = downm\n if(Number(filesize) >= 50000){\n short = await axios.get(`https://tinyurl.com/api-create.php?url=${dl_link}`)\n return sendMediaURL(from, thumb, `*P L A Y M U S I C*\\n\\n${shp} Judul : ${title}\\n${shp} Size : ${filesizeF}\\n${shp} Link : ${short.data}\\n\\n${mess.oversize}`)\n }\n teks = `*P L A Y M U S I C*\\n\\n${shp} Judul : ${title}\\n${shp} Size : ${filesizeF}\\n\\nTunggu sebentar\\nMusic segera dikirim`\n wa.sendFileFromUrl(from, thumb, tod, teks)\n wa.sendFileFromUrl(from, dl_link, tod)\n }catch(e){\n reply(mess.error.api)\n}\n}\nelse{\n return reply('Reply pesan hasil pencarian youtube!')\n}\nbreak\ncase 'getvideo':\nif(!q) return reply('Masukkan nomo urutnya!')\nif(!m.quoted) return reply('Reply pesan hasil pencarian youtube!')\nquee = '*Y O U T U B E S E A R C H*'\nqteks = m.quoted.text\nif(qteks.includes(quee)){\njmlh = m.quoted.text.split('Total : ')[1].split('\\n')[0]\nif(isNaN(args[0])) return reply('Input harus berupa nomor!')\nif(args[0].text > jmlh) return reply(`Hanya Tersedia ${jmlh} Pilihan\\nSilahkan coba pilih lagi dibawah angka ${jmlh}`)\n try{\n pilih = JSON.stringify(await eval(`${args[0]}-1`), null, 2) \n downm = await ytv(m.quoted.text.split('-----------------------------')[pilih].split('Url :')[1].split('\\n')[0])\n const { dl_link, thumb, title, filesizeF, filesize } = downm\n if(Number(filesize) >= 50000){\n short = await axios.get(`https://tinyurl.com/api-create.php?url=${dl_link}`)\n return sendMediaURL(from, thumb, `*P L A Y V I D E O*\\n\\n${shp} Judul : ${title}\\n${shp} Size : ${filesizeF}\\n${shp} Link : ${short.data}\\n\\n${mess.oversize}`)\n }\n teks = `*P L A Y V I D E O*\\n\\n${shp} Judul : ${title}\\n${shp} Size : ${filesizeF}\\n\\nTunggu sebentar\\nMusic segera dikirim`\n wa.sendFileFromUrl(from, thumb, tod, teks)\n wa.sendFileFromUrl(from, dl_link, tod)\n }catch(e){\n reply(mess.error.api)\n}\n}\nelse{\n return reply('Reply pesan hasil pencarian youtube!')\n}\nbreak"},{"groupId":"628983583288-1620319322@g.us","creator":"628983583288@s.whatsapp.net","namanote":"ansellma1","date":"8/5/2021","type":"teks","media":"","caption":"https://youtube.com/watch?v=TaB3i1TU1FA"},{"groupId":"628983583288-1620319322@g.us","creator":"628983583288@s.whatsapp.net","namanote":"ansellma2","date":"8/5/2021","type":"teks","media":"","caption":"https://youtu.be/gfuHA7Zl9Fc"},"sendfile iky","play iky","y2mate.js iky",{"groupId":"628983583288-1620319322@g.us","creator":"628983583288@s.whatsapp.net","namanote":"kumpulan json","date":"8/6/2021","type":"teks","media":"","caption":"https://raw.githubusercontent.com/ArugaZ/scraper-results/main/random/faktaunix.txt\nhttps://raw.githubusercontent.com/ArugaZ/scraper-results/main/random/katabijax.txt\nhttps://raw.githubusercontent.com/ArugaZ/scraper-results/main/random/pantun.txt\nhttps://raw.githubusercontent.com/ArugaZ/scraper-results/main/random/anime/waifu.txt\nhttps://raw.githubusercontent.com/ArugaZ/scraper-results/main/random/anime/husbu.txt\nhttps://raw.githubusercontent.com/ArugaZ/scraper-results/main/random/anime/neko.txt\nhttps://raw.githubusercontent.com/ArugaZ/scraper-results/main/random/anime/random.txt"},{"groupId":"917208851750-1477884609@g.us","creator":"628983583288@s.whatsapp.net","namanote":"cak lontong","date":"8/6/2021","type":"teks","media":"","caption":"< const get = await axios.get('https://www.kabargames.id/kunci-jawaban-tts-cak-lontong/')\n const $ = cheerio.load(get.data)\n var hasil = []\n $('div.post__content').find('div.dable-content-wrapper > p').each(function (a, b) {\nhasil.push($(b).text())\n})\nhasil = hasil.slice(9)\n\n_(hasil)"},{"groupId":"628983583288-1620319322@g.us","creator":"628983583288@s.whatsapp.net","namanote":"antiviewonce","date":"8/14/2021","type":"teks","media":"","caption":"if (isGroup && m.mtype == 'viewOnceMessage'){\n var msg = {...tod}\n msg.message = tod.message.viewOnceMessage.message\n msg.message[Object.keys(msg.message)[0]].viewOnce = false\n reply('ViewOnce detected!')\n zynn.copyNForward(from, msg)\n }"},{"groupId":"628983583288-1620319322@g.us","creator":"628983583288@s.whatsapp.net","namanote":"buttonrespon","date":"8/15/2021","type":"teks","media":"","caption":"butresx = (type === 'buttonsResponseMessage') ? men.message.buttonsResponseMessage.selectedDisplayText : ''\n\nif (butresx == 'query') {\ncode\n}"},{"groupId":"628983583288-1620319322@g.us","creator":"628983583288@s.whatsapp.net","namanote":"vean.js","date":"8/15/2021","type":"teks","media":"","caption":"const {\n WAConnection: _WAConnection,\n MessageType,\n Presence, \n MessageOptions,\n Mimetype,\n WALocationMessage,\n WA_MESSAGE_STUB_TYPES,\n WA_MESSAGE_STUB_TYPE,\n ReconnectMode,\n ProxyAgent,\n GroupSettingChange,\n ChatModification,\n waChatKey,\n WA_DEFAULT_EPHEMERAL,\n mentionedJid,\n WAMessageProto, \n prepareMessageFromContent, \n listMessage,\n buttonsMessage,\n relayWAMessage,\n processTime\n} = require('@adiwajshing/baileys')\nconst simple = require('./lib/simple.js')\nconst WAConnection = simple.WAConnection(_WAConnection)\nconst fs = require('fs')\nconst os = require('os');\nconst FormData = require('form-data')\nconst util = require('util')\nconst axios = require(\"axios\")\nconst speed = require('performance-now')\nconst qrcodes = require(\"qrcode\")\nconst qrcode = require(\"qrcode-terminal\")\nconst { EmojiAPI } = require(\"emoji-api\");\nconst request = require('request')\nconst requests = require(\"node-fetch\")\nconst imgbb = require('imgbb-uploader')\nconst toMs = require('ms')\nconst ms = require('parse-ms')\nconst moment = require('moment-timezone')\nconst fetch = require('node-fetch')\nconst phoneNum = require('awesome-phonenumber')\nconst ffmpeg = require('fluent-ffmpeg')\nconst base64Img = require('base64-img')\nconst imageToBase64 = require('image-to-base64')\nconst base64ToImage = require('base64-to-image');\nconst translate = require('@vitalets/google-translate-api')\nconst print = require('print')\nconst encodeUrl = require('encodeurl')\nconst Math_js = require('mathjs')\nconst cheerio = require('cheerio')\nconst yts = require( 'yt-search')\nconst { yta, ytv, ytv2, upload } = require('./lib/ytdl')\nconst lolis = require('lolis.life')\nconst loli = new lolis()\nconst Exif = require('./lib/exif');\nconst exif = new Exif();\nconst emoji = new EmojiAPI()\nconst { webp2mp4Url, webp2gifFile, reverseVideoFile, voiceremover } = require('./lib/ezgif')\nconst ls = fs.readdirSync('./')\nconst sID = process.env.sID;\nconst ig = require('insta-fetcher')\nconst brainly = require('brainly-scraper')\nconst Fbx = require('fb-video-downloader');\nconst speedTest = require('@lh2020/speedtest-net');\nconst ame = require('amethyste-api')\nconst ameapi = new ame(\"34eb5c3b468731a073c11f19969f5e517ef2fd63d7763bdf04348e5fee0d0fa05bee83d04ad223c1e2f8938cbd9fee3d7ce58570e63b8bcb51c097be0950b441\")\nconst game = require(\"./lib/game\");\nconst googleImage = require('g-i-s')\nconst ggs = require('google-it')\nakaneko = require('akaneko')\ntiktod = require('tiktok-scraper')\nzahir = require('zahir-api')\nconst PasteGG = require('paste.gg')\nconst pasteGG = new PasteGG()\nconst Raa = require('ra-api')\nconst hx = require('hxz-api')\nconst WSF = require('wa-sticker-formatter')\nconst infotlp = require('no-telp')\nconst tele = require('telegraph-uploader')\n\n//********** FUNCTIONS **********//\nconst { removeBackgroundFromImageFile } = require('remove.bg')\nconst { color, bgcolor } = require('./lib/color')\nconst { wait, simih, getBuffer, h2k, generateMessageID, getGroupAdmins, getRandom, start, info, success, close } = require('./lib/functions')\nconst { fetchJson, fetchText, kyun } = require('./lib/fetcher')\nconst { recognize } = require('./lib/ocr')\nconst { spawn, exec, execSync } = require(\"child_process\")\nconst { uploadimg } = require('./lib/uploadimg')\nconst { wallpaper } = require('./lib/wallpaper')\nconst { komiku } = require('./lib/komiku')\nconst { komikuu } = require('./lib/komikuu')\nconst { wallpaperhd } = require('./lib/wallpaperhd')\nconst { jadwalsholat } = require('./lib/jadwalsholat')\nconst { ongoing } = require('./lib/ongoing')\nconst { jagokata } = require('./lib/jagokata')\nconst { surah } = require('./lib/surah')\nconst { covid } = require('./lib/covid')\nconst { lirik } = require('./lib/lirik')\nconst { photofunSearch, photofunEffect, photofunUse } = require('./lib/photofunia')\nconst { wikisearch } = require('./lib/wikipedia')\nconst { fotoIg, videoIg} = require('./lib/ig')\nconst { konachan } = require('./lib/konachan')\nconst { mediafiredl } = require('./lib/mediafiredl')\nconst { artinama } = require('./lib/artinama')\nconst { pinterest } = require('./lib/pinterest')\nconst { uptougu } = require('./lib/uptougu')\nconst { palingmurah } = require('./lib/palingmurah')\nconst { Adventure, Action, Drama, Movie, SearchKartun } = require('./lib/movie')\nconst { sfilesearch } = require('./lib/sfilesearch')\nconst { groupwa } = require('./lib/groupwa')\nconst { playstore } = require('./lib/playstore')\nconst { TiktokDownloader } = require('./lib/tiktokdl')\nconst { fbdown } = require('./lib/fbdown')\nconst { igdl, igstory } = require('./lib/igdl')\nconst { speedz } = require('./lib/speedz')\nconst { converter } = require('./lib/converter')\nconst { uploadFile } = require('./lib/uploadFile')\nconst { uploadImage } = require('./lib/uploadImage')\nconst { stickerCase, stickerCaseWm, takeStick } = require('./lib/case/sticker')\nconst { stickerFinal } = require('./lib/sticker')\nconst { removebg } = require('./lib/removebg')\nconst { virtex, vipi } = require('./lib/virtex.js')\nconst { shoope } = require('./lib/shoope')\nconst { Otakudesu } = require('./lib/otakudesu')\nconst { dafontSearch, dafontDown } = require('./lib/dafont')\nconst { joox } = require('./lib/joox')\nconst setTtt = require('./lib/tictactoe.js')\nconst setGelud = require('./lib/gameGelud.js')\nconst { ZippDL } = require('./lib/zippydl')\n\n\n/*\nconst { sleep, isAfk, cekafk, addafk } = require('./lib/offline')\nconst _afk = JSON.parse(fs.readFileSync('./src/afk.json'))\n*/\n//********** DATABASE **********/\nconst gcdetect = JSON.parse(fs.readFileSync('./src/gcdetect.json'))\nconst sfilter = JSON.parse(fs.readFileSync('./src/sfilter.json'))\nconst afk = JSON.parse(fs.readFileSync('./lib/off.json'))\nlet filter = JSON.parse(fs.readFileSync('./src/filter.json'))\nconst welkom = JSON.parse(fs.readFileSync('./src/welkom.json'))\nconst nsfw = JSON.parse(fs.readFileSync('./src/nsfw.json'))\nconst samih = JSON.parse(fs.readFileSync('./src/simi.json'))\nconst setting = JSON.parse(fs.readFileSync('./src/settings.json'))\nconst setiker = JSON.parse(fs.readFileSync('./temp/stik.json'))\nconst audionye = JSON.parse(fs.readFileSync('./temp/vn.json'))\nconst imagenye = JSON.parse(fs.readFileSync('./temp/image.json'))\nconst videonye = JSON.parse(fs.readFileSync('./temp/video.json'))\nconst anlink = JSON.parse(fs.readFileSync('./src/antilink.json'))\nconst antihttp = JSON.parse(fs.readFileSync('./src/antihttp.json'))\nconst antivirus = JSON.parse(fs.readFileSync('./src/antivirus.json'))\nconst antihidetag = JSON.parse(fs.readFileSync('./src/antihidetag.json'))\nconst autostick = JSON.parse(fs.readFileSync('./src/autosticker.json'))\nconst autostickwm = JSON.parse(fs.readFileSync('./src/autostickwm.json'))\nconst alaramnya = JSON.parse(fs.readFileSync('./src/alaram.json'))\nconst reminder = require('./lib/reminder')\nconst _reminder = JSON.parse(fs.readFileSync('./src/reminder.json'))\nconst _prem = require(\"./lib/premium\");\nlet premium = JSON.parse(fs.readFileSync('./src/premium.json'))\nconst tmp_hit = JSON.parse(fs.readFileSync('./src/hit.json'))\nlet tmphit = JSON.parse(fs.readFileSync('./src/today.json'))\nconst note = JSON.parse(fs.readFileSync('./src/notes.json'))\nconst voting = JSON.parse(fs.readFileSync('./src/voting.json'))\nconst stickerdb = JSON.parse(fs.readFileSync('./src/stickerdb.json'))\nconst bancht = JSON.parse(fs.readFileSync('./src/banchat.json'));\nconst tictactoe = JSON.parse(fs.readFileSync(\"./src/tictactoe.json\"))\nconst _win = JSON.parse(fs.readFileSync('./src/tttwin.json'))\nconst _lose = JSON.parse(fs.readFileSync('./src/tttlose.json'))\nconst antivo = JSON.parse(fs.readFileSync('./src/antiviewonce.json'))\n\nconst sleep = async (ms) => {\n return new Promise(resolve => setTimeout(resolve, ms));\n}"},{"groupId":"628983583288-1620319322@g.us","creator":"628983583288@s.whatsapp.net","namanote":"wabetav2","date":"8/18/2021","type":"teks","media":"","caption":"*🧭WhatsApp Beta for Android🧭*\n*🎐Version : 2.21.17.15*\n*🗓️Date : 18 Agustus 2021*\n*📤URL :*\n~ GDrive -> https://drive.google.com/folderview?id=1xHzfGyqqmJ6r3nPlzRTv-1Jky8uYpoWx\n~ APKMirror -> https://apkmirror.com/apk/whatsapp-inc/whatsapp\n~ Uptodown -> https://whatsapp-messenger.id.uptodown.com"},{"groupId":"628983583288-1620319322@g.us","creator":"628983583288@s.whatsapp.net","namanote":"tourl ra-api","date":"8/18/2021","type":"teks","media":"","caption":"case 'tourl2':\n if ((isMedia && !vean.message.videoMessage "},"antispam","antispjs","baileys fix error","ffmpeg","wa beta","getmusic","ansellma1","ansellma2","kumpulan json","antiviewonce","buttonrespon","vean.js","wabetav2","tourl ra-api","vean anti toxic",{"groupId":"628983583288-1620319322@g.us","creator":"628983583288@s.whatsapp.net","namanote":"vean anti toxic","date":"8/18/2021","type":"teks","media":"","caption":"19-08-2021"},{"groupId":"628983583288-1620319322@g.us","creator":"628983583288@s.whatsapp.net","namanote":"npmjs","date":"8/19/2021","type":"teks","media":"","caption":"<\nconst InfoNPM = async(query) => {\n return new Promise((resolve, reject) => {\n fetch(encodeURI(`https://registry.npmjs.org/${query}`))\n .then(response => response.json())\n .then(resolve)\n .catch(reject)\n })\n}\n\nv = await InfoNPM('ra-api')\n_(v)"},{"groupId":"628983583288-1620319322@g.us","creator":"628983583288@s.whatsapp.net","namanote":"eval","date":"8/20/2021","type":"teks","media":"","caption":"if (budy.startsWith('<')){\nif(!isOwner) return\nconsole.log(color('[EVAL]'), color(moment(men.messageTimestamp * 1000).format('DD/MM/YY HH:mm:ss'), 'yellow'), color(`Eval V1 brooo`))\nras = budy.slice(1)\nfunction _(rem) {\nren = JSON.stringify(rem,null,2)\npes = util.format(ren)\nreply(pes)\n}\ntry{q\nreply(require('util').format(eval(`(async () => { ${ras} })()`)))\n} catch(err) {\ne = String(err)\nreply(e)\n}\n}"},"antispam","antispjs","baileys fix error","ffmpeg","wa beta","getmusic","ansellma1","ansellma2","kumpulan json","antiviewonce","buttonrespon","vean.js","wabetav2","tourl ra-api","vean anti toxic",{"groupId":"628983583288-1620319322@g.us","creator":"628983583288@s.whatsapp.net","namanote":"seegore","date":"8/22/2021","type":"teks","media":"","caption":"const sgore = async(query) => {\n\t return new Promise(async(resolve,reject) => {\n\t \taxios.get('https://seegore.com/?s=' + query).then(dataa => {\n\t \t\tconst $$$ = cheerio.load(dataa)\n\t \t\tpagina = $$$('#main > div.container.main-container > div > div.bb-col.col-content > div > div > div > div > nav > ul > li:nth-child(4) > a').text();\t\n\t \trand = Math.floor(Math.random() * pagina) + 1\n\t \tif(rand === 1){\n\t \t\tslink = 'https://seegore.com/?s=' + query\n\t \t}else{\n\t \t\tslink = `https://seegore.com/page/${rand}/?s=${query}` \n\t \t}\n axios.get(slink)\n .then(({ data }) => {\n const $ = cheerio.load(data)\n const link = [];\n const judul = [];\n const uploader = [];\n const format = [];\n const thumb = [];\n $('#post-items > li > article > div.content > header > h2 > a').each(function(a,b){\n \tlink.push($(b).attr('href'))\n })\n $('#post-items > li > article > div.content > header > h2 > a').each(function(c,d){\n \tjud = $(d).text();\n \tjudul.push(jud)\n })\n $('#post-items > li > article > div.content > header > div > div.bb-cat-links > a').each(function(e,f){\n \tupl = $(f).text();\n \tuploader.push(upl)\n })\n $('#post-items > li > article > div.post-thumbnail > a > div > img').each(function(g,h){\n \tthumb.push($(h).attr('src'))\n })\n for( let i = 0; i < link.length; i++){\n\t\t\t\t\t\t\tformat.push({\n\t\t\t\t\t\t\t\tjudul : judul[i],\n\t\t\t\t\t\t\t\tuploader : uploader[i],\n\t\t\t\t\t\t\t\tthumb : thumb[i],\n\t\t\t\t\t\t\t\tlink : link[i]\n\t\t\t\t\t\t\t})\n\t\t\t\t\t\t}\n\t\t\t\t\t\tconst result = {\n\t\t\t\t\t\t\tcreator: 'Fajar Ihsana',\n\t\t\t\t\t\t\tdata : format\n\t\t\t\t\t\t}\n resolve(result)\n\t\t\t})\n .catch(reject)\n })\n\t })\n}"},{"groupId":"628983583288-1620319322@g.us","creator":"628983583288@s.whatsapp.net","namanote":"body","date":"8/22/2021","type":"teks","media":"","caption":"body = (type === 'conversation' && x.message.conversation.startsWith(prefix)) ? x.message.conversation : (type == 'imageMessage') && x.message.imageMessage.caption.startsWith(prefix) ? x.message.imageMessage.caption : (type == 'videoMessage') && x.message.videoMessage.caption.startsWith(prefix) ? x.message.videoMessage.caption : (type == 'extendedTextMessage') && x.message.extendedTextMessage.text.startsWith(prefix) ? x.message.extendedTextMessage.text : (type == 'listResponseMessage') && x.message.listResponseMessage.singleSelectReply.selectedRowId.startsWith(prefix) ? x.message.listResponseMessage.singleSelectReply.selectedRowId : (type === 'buttonsResponseMessage') ? x.message.buttonsResponseMessage.selectedDisplayText : (type == 'imageMessage') && x.message.imageMessage.caption.startsWith(prefix) ? x.message.imageMessage.caption : (type == 'videoMessage') && x.message.videoMessage.caption.startsWith(prefix) ? x.message.videoMessage.caption : (type == 'extendedTextMessage') && x.message.extendedTextMessage.text.startsWith(prefix) ? x.message.extendedTextMessage.text : (type == 'stickerMessage') && (getCmd(x.message.stickerMessage.fileSha256.toString('hex')) !== null && getCmd(x.message.stickerMessage.fileSha256.toString('hex')) !== undefined) ? (getCmd(x.message.stickerMessage.fileSha256.toString('hex')).startsWith(prefix) ? getCmd(x.message.stickerMessage.fileSha256.toString('hex')) : '') : \"\""},{"groupId":"628983583288-1620319322@g.us","creator":"628983583288@s.whatsapp.net","namanote":"foto ansell 1","date":"8/22/2021","type":"teks","media":"","caption":"https://a.uguu.se/rUglrWRg.jpg"},{"groupId":"628983583288-1620319322@g.us","creator":"628983583288@s.whatsapp.net","namanote":"cariresep","date":"8/26/2021","type":"teks","media":"","caption":"<const cariresep = async(query) => {\n\t return new Promise(async(resolve,reject) => {\n axios.get('https://resepkoki.id/?s=' + query)\n .then(({ data }) => {\n const $ = cheerio.load(data)\n const link = [];\n const judul = [];\n const upload_date = [];\n const format = [];\n const thumb = [];\n $('body > div.all-wrapper.with-animations > div:nth-child(5) > div > div.archive-posts.masonry-grid-w.per-row-2 > div.masonry-grid > div > article > div > div.archive-item-media > a').each(function(a,b){\n \tlink.push($(b).attr('href'))\n })\n $('body > div.all-wrapper.with-animations > div:nth-child(5) > div > div.archive-posts.masonry-grid-w.per-row-2 > div.masonry-grid > div > article > div > div.archive-item-content > header > h3 > a').each(function(c,d){\n \tlet jud = $(d).text();\n \tjudul.push(jud)\n })\n $('body > div.all-wrapper.with-animations > div:nth-child(5) > div > div.archive-posts.masonry-grid-w.per-row-2 > div.masonry-grid > div > article > div > div.archive-item-content > div.archive-item-author-meta > div > div').each(function(e,f){\n let upl = $(f).text();\n \tupload_date.push(upl)\n })\n $('body > div.all-wrapper.with-animations > div:nth-child(5) > div > div.archive-posts.masonry-grid-w.per-row-2 > div.masonry-grid > div > article > div > div.archive-item-media > a').each(function(g,h){\n \tthumb.push($(h).attr('src'))\n })\n for( let i = 0; i < link.length; i++){\n\t\t\t\t\t\t\tformat.push({\n\t\t\t\t\t\t\t\tjudul : judul[i],\n\t\t\t\t\t\t\t\tupload_date : upload_date[i],\n\t\t\t\t\t\t\t\tthumb : thumb[i],\n\t\t\t\t\t\t\t\tlink : link[i]\n\t\t\t\t\t\t\t})\n\t\t\t\t\t\t}\n\t\t\t\t\t\tconst result = {\n\t\t\t\t\t\t\tcreator: 'Fajar Ihsana',\n\t\t\t\t\t\t\tdata : format\n\t\t\t\t\t\t}\n resolve(result)\n\t\t\t})\n .catch(reject)\n })\n}\nconst bacaresep = async(query) => {\n\t return new Promise(async(resolve,reject) => {\n axios.get(query)\n .then(({ data }) => {\n const $ = cheerio.load(data)\n const abahan = [];\n const atakaran = [];\n const atahap = [];\n let num = 1\n $('body > div.all-wrapper.with-animations > div.single-panel.os-container > div.single-panel-details > div > div.single-recipe-ingredients-nutritions > div > table > tbody > tr > td:nth-child(2) > span.ingredient-name').each(function(a,b) {\n \tlet bh = $(b).text();\n \tabahan.push(bh)\n })\n $('body > div.all-wrapper.with-animations > div.single-panel.os-container > div.single-panel-details > div > div.single-recipe-ingredients-nutritions > div > table > tbody > tr > td:nth-child(2) > span.ingredient-amount').each(function(c,d) {\n \tlet uk = $(d).text();\n \tatakaran.push(uk)\n })\n $('body > div.all-wrapper.with-animations > div.single-panel.os-container > div.single-panel-main > div.single-content > div.single-steps > table > tbody > tr > td.single-step-description > div > p').each(function(e,f) {\n \tlet th = $(f).text();\n \tatahap.push(num + '. ' + th)\n \tnum += 1\n })\n const judul = $('body > div.all-wrapper.with-animations > div.single-panel.os-container > div.single-title.title-hide-in-desktop > h1').text();\n const waktu = $('body > div.all-wrapper.with-animations > div.single-panel.os-container > div.single-panel-main > div.single-meta > ul > li.single-meta-cooking-time > span').text();\n const hasil = $('body > div.all-wrapper.with-animations > div.single-panel.os-container > div.single-panel-main > div.single-meta > ul > li.single-meta-serves > span').text().split(': ')[1]\n const level = $('body > div.all-wrapper.with-animations > div.single-panel.os-container > div.single-panel-main > div.single-meta > ul > li.single-meta-difficulty > span').text().split(': ')[1]\n const thumb = $('body > div.all-wrapper.with-animations > div.single-panel.os-container > div.single-panel-details > div > div.single-main-media > div > img').attr('src')\n let tbahan = 'bahan\\n'\n for( let i = 0; i < abahan.length; i++){\n\t\t\t\t\t\t\ttbahan += abahan[i] + ' ' + atakaran[i] + '\\n' \n\t\t\t\t\t\t}\n\t\t\t\t\t\tlet ttahap = 'tahap\\n'\n\t\t\t\t\t\tfor( let i = 0; i < atahap.length; i++){\n\t\t\t\t\t\t\tttahap += atahap[i] + '\\n\\n' \n\t\t\t\t\t\t}\n\t\t\t\t\t\tconst tahap = ttahap\n\t\t\t\t\t\tconst bahan = tbahan\n\t\t\t\t\t\tconst result = {\n\t\t\t\t\t\t\tcreator : 'Fajar Ihsana',\n\t\t\t\t\t\t\tdata : {\n\t\t\t\t\t\t\t\tjudul : judul,\n\t\t\t\t\t\t\t\twaktu_masak : waktu,\n\t\t\t\t\t\t\t\thasil : hasil,\n\t\t\t\t\t\t\t\ttingkat_kesulitan : level,\n\t\t\t\t\t\t\t\tthumb : thumb,\n\t\t\t\t\t\t\t\tbahan : bahan.split('bahan\\n')[1],\n\t\t\t\t\t\t\t\tlangkah_langkah : tahap.split('tahap\\n')[1]\n\t\t\t\t\t\t\t}\n\t\t\t\t\t\t}\n resolve(result)\n\t\t\t})\n .catch(reject)\n })\n}\n\nlet v = await cariresep(`nasi goreng`)\nv2 = await bacaresep(`${v.data[0].link}`)\nteks = `${fiz} *Resep Ditemukan!* ${fiz}\\n\\n${shp} *Judul :*\\n ${v2.data.judul}\\n${shp} *Waktu Masak :*\\n ${v2.data.waktu_masak}\\n${shp} *Hasil :*\\n ${v2.data.hasil}\\n${shp} *Tingkat Kesulitan :*\\n ${v2.data.tingkat_kesulitan}\\n\\n${shp} *Bahan :*\\n ${v2.data.bahan}\\n\\n${shp} *Langkah-langkah :*\\n ${v2.data.langkah_langkah}`\nv3 = await getBuffer(`${v2.data.thumb}`)\nvean.sendMessage(from, v3, image,{quoted : men, caption:teks})"},{"groupId":"628983583288-1620319322@g.us","creator":"628983583288@s.whatsapp.net","namanote":"eruda","date":"8/26/2021","type":"teks","media":"","caption":"javascript:(function () { var script = document.createElement('script'); script.src=\"//cdn.jsdelivr.net/npm/eruda\"; document.body.appendChild(script); script.onload = function () { eruda.init() } })();"},{"groupId":"628983583288-1620319322@g.us","creator":"628983583288@s.whatsapp.net","namanote":"wikiwiki","date":"8/27/2021","type":"teks","media":"","caption":"<\nasync function wikiwiki() {\n return new Promise(function(resolve, reject) {\n let baseURI = \"https://id.m.wikipedia.org/wiki/jokowi\";\n require(\"axios\").get(baseURI, {\n headers: {\n \"User-Agent\": \"Mozilla/5.0 (Linux; Android 9; Redmi 7) AppleWebKit/537.36 (KHTML, like Gecko) Chrome/91.0.4472.77 Mobile Safari/537.36\",\n }\n })\n .then(({\n status,\n data\n }) => {\n const $ = require(\"cheerio\").load(data);\n let text = $(\"div.mw-parser-output\").text().trim();\n let thumb = [];\n let link = [];\n $(\"img, a\").each(function(i, elem) {\n thumb.push($(this).attr(\"src\"));\n link.push($(this).attr(\"href\"));\n });\n link = link.filter(v => v);\n thumb = thumb.filter(v => v);\n const result = [];\n result.push(text);\n for (let i = 0; i < link.length; i++) {\n result.push({\n link: baseURI + link[i],\n thumb: thumb[i] "},"antispam","antispjs","baileys fix error","ffmpeg","wa beta","getmusic","ansellma1","ansellma2","kumpulan json","antiviewonce","buttonrespon","vean.js","wabetav2","tourl ra-api","vean anti toxic","npmjs","eval","seegore","body","foto ansell 1","cariresep","eruda","wikiwiki"]